id,title,so_ky_hieu,ngay_ban_hanh,loai_van_ban,ngay_co_hieu_luc,ngay_het_hieu_luc,nguon_thu_thap,ngay_dang_cong_bao,nganh,linh_vuc,co_quan_ban_hanh,chuc_danh,nguoi_ky,pham_vi,tinh_trang_hieu_luc,year_of_issue
2221,"Về học bổng, học phí của học sinh các trường đại học, cao đẳng, trung học chuyên nghiệp và dạy nghề",63-HĐBT,1989-06-10,Quyết định,10/06/1989,,Công báo số 12/1989;,...,Giáo dục và đào tạo,Giáo dục đại học,Hội đồng Bộ trưởng,Chủ tịch hội đồng bộ trưởng,Võ Văn Kiệt,Toàn quốc,Còn hiệu lực,1989
6264,Về việc ban hành tạm thời chương trình Đại học sư phạm Âm nhạc,02/2000/QĐ-BGD,2000-03-04,Quyết định,19/03/2000,,Công báo điện tử;,...,Giáo dục và đào tạo,Giáo dục đại học,Bộ Giáo dục và Đào tạo,Bộ trưởng,Nguyễn Minh Hiển,Toàn quốc,Còn hiệu lực,2000
1927,Về việc công nhận trường Đại học Tuyên giáo,406-HĐBT,1990-11-20,Quyết định,20/11/1990,,Công báo số 24/1990;,...,Giáo dục và đào tạo,Giáo dục đại học,Hội đồng Bộ trưởng,Chủ tịch hội đồng bộ trưởng,Nguyễn Khánh,Toàn quốc,Còn hiệu lực,1990
5103,Về việc bãi bỏ 11 Thông tư liên Bộ hết hiệu lực thi hành,38/2000/QĐ-BGD,2000-08-29,Quyết định,14/09/2000,,Danh mục các văn bản quy phạm pháp luật đã bị bãi bỏ;,...,Giáo dục và đào tạo,"Quy chế thi, tuyển sinh",Bộ Giáo dục và Đào tạo,Bộ trưởng,Nguyễn Minh Hiển,Toàn quốc,Còn hiệu lực,2000
6856,Về việc tách hai Trường Đại học Sư phạm khỏi hai Đại học Quốc gia,201/1999/QĐ-TTg,1999-10-12,Quyết định,27/10/1999,,"Công báo số 42, năm 1999",15/11/1999,Giáo dục và đào tạo,Giáo dục đại học,Thủ tướng Chính phủ,Phó Thủ tướng,Phạm Gia Khiêm,Toàn quốc,Còn hiệu lực,1999
6996,Về việc giao nhiệm vụ đào tạo trên Đại học cho Viện máy và dụng cụ công nghiệp,29/1999/QĐ-TTg,1999-02-27,Quyết định,14/03/1999,,"Công báo số 13, năm 1999",08/04/1999,Giáo dục và đào tạo,Giáo dục đại học,Thủ tướng Chính phủ,Phó Thủ tướng,Phạm Gia Khiêm,Toàn quốc,Còn hiệu lực,1999
7521,"Về thay đối tổ chức Đại học Quốc gia Hà Nội, Đại học Quốc gia thành phố Hồ Chí Minh, Đại học Huế, Đại học Thái Nguyên và Đại học Đà Nẵng",67/1998/NĐ-CP,1998-09-01,Nghị định,01/09/1998,,Công báo số 31,10/11/1998,Giáo dục và đào tạo,Giáo dục đại học,Chính phủ,Thủ tướng,Phan Văn Khải,Toàn quốc,Còn hiệu lực,1998
8879,Về việc giao nhiệm vụ đào tạo trên đại học cho Viện Nghiên cứu thương mại,915/TTg,1996-12-10,Quyết định,10/12/1996,,"Công báo số 4, năm 1997",28/02/1997,Giáo dục và đào tạo,Giáo dục đại học,Thủ tướng Chính phủ,Phó Thủ tướng,Nguyễn Khánh,Toàn quốc,Còn hiệu lực,1996
7331,"Về việc ban hành mục tiêu, kế hoạch, chương trình đào tạo đại học sư phạm my thuật (hệ 4 năm)",20/1999/QĐ-BGDDT,1999-05-14,Quyết định,29/05/1999,,Công báo điện tử;,...,Giáo dục và đào tạo,Giáo dục đại học,Bộ Giáo dục và Đào tạo,Thứ trưởng,Vũ Ngọc Hải,Toàn quốc,Còn hiệu lực,1999
9309,Về việc giao nhiệm vụ đào tạo trên đại học cho Viện Cơ học ứng dụng (Trung tâm khoa học tự nhiên và công nghệ quốc gia),142/TTg,1996-03-08,Quyết định,08/03/1996,,Công báo điện tử;,...,Giáo dục và đào tạo,Giáo dục đại học,Thủ tướng Chính phủ,Thủ tướng,Nguyễn Khánh,Toàn quốc,Còn hiệu lực,1996
8974,Quyết định giao nhiệm vụ đào tạo trên đại học cho Viện Công nghệ hoá học,801-TTg,1996-10-30,Quyết định,30/10/1996,,Công báo số 1,15/01/1997,Giáo dục và đào tạo,Giáo dục đại học,Thủ tướng Chính phủ,Phó Thủ tướng,Nguyễn Khánh,Toàn quốc,Còn hiệu lực,1996
11161,Về việc giao nhiệm vụ đào tạo trên đại học cho Viện Nghiên cứu thú y Bộ Nông nghiệp và Công nghiệp thực phẩm,183-CT,1992-05-28,Quyết định,12/06/1992,,Công báo số 11/1992;,15/06/1992,Giáo dục và đào tạo,Giáo dục đại học,Chủ tịch Hội đồng Bộ trưởng,Phó Chủ tịch Hội đồng Bộ trưởng,Nguyễn Khánh,Toàn quốc,Còn hiệu lực,1992
11164,Về việc chuyển Trường cao cấp Công đoàn thành Trường đại học Công đoàn,174-CT,1992-05-19,Quyết định,19/05/1992,,Công báo số 10/1992;,30/05/1992,Giáo dục và đào tạo,Giáo dục đại học,Chủ tịch Hội đồng Bộ trưởng,Phó Chủ tịch Hội đồng Bộ trưởng,Phan Văn Khải,Toàn quốc,Còn hiệu lực,1992
9668,Về việc nâng cấp Trường Trung học Văn hoá Nghệ thuật Hà Nội thành Trường Cao đẳng Nghệ thuật Hà Nội,618/TTg,1995-09-28,Quyết định,28/09/1995,,Công báo,...,Giáo dục và đào tạo,Giáo dục đại học,Thủ tướng Chính phủ,Thủ tướng Chính phủ,Nguyễn Khánh,Toàn quốc,Còn hiệu lực,1995
6405,Về việc thành lập Trường Đại học Dân lập Cửu Long,04/2000/QĐ-TTg,2000-01-05,Quyết định,20/01/2000,,Công báo điện tử;,...,Giáo dục và đào tạo,Giáo dục đại học,Thủ tướng Chính phủ,Phó Thủ tướng,Phạm Gia Khiêm,Toàn quốc,Còn hiệu lực,2000
10673,Về việc thành lập Đại học mở bán công thành phố Hồ Chí Minh,389-TTg,1993-07-26,Quyết định,26/07/1993,,Công báo số 17/1993;,...,Giáo dục và đào tạo,Giáo dục đại học,Thủ tướng Chính phủ,Thủ tướng,Nguyễn Khánh,Toàn quốc,Còn hiệu lực,1993
12338,"Ban hành Bộ Chương trình khung giáo dục đại học khối ngành Văn hóa - Nghệ thuật, trình độ đại học",03/2009/TT-BGDĐT,2009-02-16,Thông tư,02/04/2009,,"Công báo số 149 + 152, năm 2009",16/03/2009,Giáo dục và đào tạo,Giáo dục đại học,Bộ Giáo dục và Đào tạo,Thứ trưởng,Phạm Vũ Luận,Toàn quốc,Còn hiệu lực,2009
12377,Ban hành Quy định về quản lý hoạt động sở hữu trí tuệ trong cơ sở giáo dục đại học,78/2008/QĐ-BGDĐT,2008-12-29,Quyết định,27/01/2009,,"Công báo số 21+22,năm 2009",12/01/2009,Giáo dục và đào tạo,Giáo dục đại học,Bộ Giáo dục và Đào tạo,Thứ trưởng,Bành Tiến Long,Toàn quốc,Còn hiệu lực,2008
9600,Về việc cấp học bổng quốc phòng cho sinh viên đại học và học sinh phổ thông trung học là nguồn đào tạo sĩ quan quân đội,400/TTg,1995-07-10,Quyết định,10/07/1995,,Công báo số 18 năm 1995;,30/09/1995,Giáo dục và đào tạo,Giáo dục đại học,Chính phủ,Thủ tướng Chính phủ,Nguyễn Khánh,Toàn quốc,Còn hiệu lực,1995
13740,Về việc thành lập Trường Đại học tư thục Công nghệ - Thông tin Gia Định,959/QĐ-TTg,2007-07-31,Quyết định,31/07/2007,,"Công báo số 558 + 559, 2007;",14/08/2007,Giáo dục và đào tạo,Giáo dục đại học,Thủ tướng Chính phủ,Thủ tướng,Nguyễn Tấn Dũng,Toàn quốc,Còn hiệu lực,2007
13718,"Về việc bổ sung vào Mục I và Mục III của Tiêu chuẩn bộ mẫu thiết bị dạy học tối thiểu môn học giáo dục quốc phòng cho các trường Trung học phổ thông, Trung học chuyên nghiệp, Đại học và Cao đẳng ban hành kèm theo Quyết định số10/2005/QĐ-BGD&ĐT ngày 01 tháng 04 năm 2005 của Bộ trưởng Bộ Giáo dục và Đào tạo",09/2007/QĐ-BGDĐT,2007-04-10,Quyết định,18/05/2007,,"Công báo số 290+291, năm 2007",03/05/2007,Giáo dục và đào tạo,Giáo dục đại học,Bộ Giáo dục và Đào tạo,Thứ trưởng,Bành Tiến Long,Toàn quốc,Còn hiệu lực,2007
12148,Về việc thành lập Trường Đại học Giáo dục thuộc Đại học Quốc gia Hà Nội,441/QĐ-TTg,2009-04-03,Quyết định,03/04/2009,,"Công báo số 193 + 194, năm 2009",14/04/2009,Giáo dục và đào tạo,Giáo dục đại học,Thủ tướng Chính phủ,Phó Thủ tướng,Nguyễn Thiện Nhân,Toàn quốc,Còn hiệu lực,2009
12129,Về việc đổi tên Trường Đại học Bán công Marketing thành Trường Đại học Tài chính - Marketing,395/QĐ-TTG,2009-03-25,Quyết định,25/03/2009,,"Công báo số 181 + 182, năm 2009",06/04/2009,Giáo dục và đào tạo,Giáo dục đại học,Thủ tướng Chính phủ,Phó Thủ tướng,Nguyễn Thiện Nhân,Toàn quốc,Còn hiệu lực,2009
12130,Về việc thành lập Trường Đại học Phan Thiết,394/QĐ-TTg,2009-03-25,Quyết định,25/03/2009,,"Công báo số 181 + 182, năm 2009",06/04/2009,Giáo dục và đào tạo,Giáo dục đại học,Thủ tướng Chính phủ,Phó Thủ tướng,Nguyễn Thiện Nhân,Toàn quốc,Còn hiệu lực,2009
9285,Về việc thành lập Trường Đại học dân lập Quản lý và kinh doanh Hà Nội,405/QĐ-TTg,1996-06-15,Quyết định,15/06/1996,,Công báo điện tử;,...,Giáo dục và đào tạo,Giáo dục đại học,Thủ tướng Chính phủ,Phó Thủ tướng,Nguyễn Khánh,Toàn quốc,Còn hiệu lực,1996
11220,Về việc giao nhiệm vụ đào tạo trên đại học cho Viện Khoa học kỹ thuật Bưu điện,10-CT,1992-01-14,Quyết định,14/01/1992,,Công báo số 1/1992;,31/01/1992,Giáo dục và đào tạo,Giáo dục đại học,Chủ tịch Hội đồng Bộ trưởng,Phó Chủ tịch Hội đồng Bộ trưởng,Nguyễn Khánh,Toàn quốc,Còn hiệu lực,1992
9270,Về việc giao nhiệm vụ đào tạo trên đại học cho Trường Đại học Kiến trúc thành phố Hồ Chí Minh,415/TTg,1996-06-19,Quyết định,19/06/1996,,Công báo điện tử;,...,Giáo dục và đào tạo,Giáo dục đại học,Thủ tướng Chính phủ,Thủ tướng,Nguyễn Khánh,Toàn quốc,Còn hiệu lực,1996
14339,Về việc thành lập Trường Đại học Kinh tế thuộc Đại học Quốc gia Hà Nội,290/QĐ-TTg,2007-03-06,Quyết định,06/03/2007,,"Công báo số 242+243, năm 2007",18/03/2007,Giáo dục và đào tạo,Giáo dục đại học,Thủ tướng Chính phủ,Thủ tướng,Nguyễn Tấn Dũng,Toàn quốc,Còn hiệu lực,2007
14932,Về việc thành lập Trường Đại học Kiến trúc Đà Nẵng,270/2006/QĐ-TTg,2006-11-27,Quyết định,22/12/2006,,"Công báo số 9+10, năm 2006;",07/12/2006,Giáo dục và đào tạo,Giáo dục đại học,Thủ tướng Chính phủ,Thủ tướng,Nguyễn Tấn Dũng,Toàn quốc,Còn hiệu lực,2006
14927,Về việc thành lập Trường Đại học Hoa Sen,274/2006/QĐ-TTg,2006-11-30,Quyết định,24/12/2006,,"Công báo số 11+12, năm 2006;",09/12/2006,Giáo dục và đào tạo,Giáo dục đại học,Thủ tướng Chính phủ,Thủ tướng,Nguyễn Tấn Dũng,Toàn quốc,Còn hiệu lực,2006
14933,Về việc thành lập Trường Đại học Bạc Liêu trực thuộc Ủy ban nhân dân tỉnh Bạc Liêu,1558/QĐ-TTg,2006-11-24,Quyết định,24/11/2006,,"Công báo số 09+10, năm 2006;",07/12/2006,Giáo dục và đào tạo,Giáo dục đại học,Thủ tướng Chính phủ,Thủ tướng,Nguyễn Tấn Dũng,Toàn quốc,Còn hiệu lực,2006
15085,Về việc thành lập trường Đại học Quảng Bình,237/2006/QĐ-TTg,2006-10-24,Quyết định,18/11/2006,,"Công báo số 3+4, năm 2006",03/11/2006,Giáo dục và đào tạo,Giáo dục đại học,Thủ tướng Chính phủ,Thủ tướng,Nguyễn Tấn Dũng,Toàn quốc,Còn hiệu lực,2006
15015,Về việc giao nhiệm vụ đào tạo thạc sĩ cho Trường Đại học Công đoàn,252/2006/QĐ-TTg,2006-11-03,Quyết định,03/12/2006,,"Công báo số 19+20, năm 2006;",18/11/2006,Giáo dục và đào tạo,Giáo dục đại học,Thủ tướng Chính phủ,Thủ tướng,Nguyễn Tấn Dũng,Toàn quốc,Còn hiệu lực,2006
13858,"Ban hành Quy định về tổ chức và hoạt động của Trạm Y tế trong các đại học, học viện, trường đại học, cao đẳng và trung cấp chuyên nghiệp",17/2007/QĐ-BGDĐT,2007-05-24,Quyết định,28/06/2007,,"Công báo số 362+363, năm 2007",13/06/2007,Giáo dục và đào tạo,Giáo dục đại học,Bộ Giáo dục và Đào tạo,Thứ trưởng,Phạm Vũ Luận,Toàn quốc,Còn hiệu lực,2007
15352,Về việc thành lập Trường Đại học FPT,208/2006/QĐ-TTg,2006-09-08,Quyết định,07/10/2006,,"Công báo số 41+42, năm 2006",22/09/2006,Giáo dục và đào tạo,Giáo dục đại học,Thủ tướng Chính phủ,Thủ tướng,Nguyễn Tấn Dũng,Toàn quốc,Còn hiệu lực,2006
16497,Về việc thành lập Trường Đại học Quang Trung,62/2006/QĐ-TTg,2006-03-17,Quyết định,09/04/2006,,"Công báo số 36+37, năm 2006",25/03/2006,Giáo dục và đào tạo,Giáo dục đại học,Thủ tướng Chính phủ,Phó Thủ tướng,Phạm Gia Khiêm,Toàn quốc,Còn hiệu lực,2006
16462,Về việc thành lập Tổ công tác xây dựng Đề án thành lập trường đại học đẳng cấp quốc tế,01/QĐ-BCĐĐMĐH,2006-02-24,Quyết định,11/03/2006,,"Công báo số 05 + 06, năm 2006",05/03/2006,Giáo dục và đào tạo,Giáo dục đại học,Ban Chỉ đạo đổi mới giáo dục đại học,Trưởng ban,Phạm Gia Khiêm,Toàn quốc,Còn hiệu lực,2006
16380,Về việc thành lập Trường Đại học Sư phạm kỹ thuật Vinh,78/2006/QĐ-TTg,2006-04-14,Quyết định,14/05/2006,,Công báo số 32 & 33 - 04/2006;,29/04/2006,Giáo dục và đào tạo,Giáo dục đại học,Thủ tướng Chính phủ,Phó Thủ tướng,Phạm Gia Khiêm,Toàn quốc,Còn hiệu lực,2006
17096,Về việc thành lập Trường Đại học Công nghiệp Hà Nội,315/2005/QĐ-TTg,2005-12-02,Quyết định,22/12/2005,,Công báo số 07 & 08 - 12/2005;,07/12/2005,Giáo dục và đào tạo,Giáo dục đại học,Thủ tướng Chính phủ,Phó Thủ tướng,Phạm Gia Khiêm,Toàn quốc,Còn hiệu lực,2005
16784,Về việc thành lập Trường Đại học Bà Rịa - Vũng Tàu,27/2006/QĐ-TTg,2006-01-27,Quyết định,24/02/2006,,"Công báo số 23 + 24 , năm 2006",09/02/2006,Giáo dục và đào tạo,Giáo dục đại học,Thủ tướng Chính phủ,Phó Thủ tướng,Phạm Gia Khiêm,Toàn quốc,Còn hiệu lực,2006
15965,"Về việc ban hành tiêu chuẩn bộ mẫu thiết bị dạy học tối thiểu môn học giáo dục quốc phòng cho các trường Trung học phổ thông, Trung học chuyên nghiệp, Đại học và Cao đẳng",10/2005/QĐ-BGD,2005-04-01,Quyết định,23/04/2005,,Công báo số 06 - 04/2005;,08/04/2005,Giáo dục và đào tạo,Giáo dục đại học,Bộ Giáo dục và Đào tạo,Thứ trưởng,Bành Tiến Long,Toàn quốc,Còn hiệu lực,2005
15918,"Về chuyển loại hình trường đại học, cao đẳng bán công",146/2006/QĐ-TTg,2006-06-22,Quyết định,16/07/2006,,"Công báo số 01 + 02, năm 2006",01/07/2006,Giáo dục và đào tạo,Giáo dục đại học,Thủ tướng Chính phủ,Phó Thủ tướng,Phạm Gia Khiêm,Toàn quốc,Còn hiệu lực,2006
15924,Về việc thành lập Trường Đại học Trà Vinh,141/2006/QĐ-TTg,2006-06-19,Quyết định,13/07/2006,,"Công báo số 46 + 47, năm 2006",28/06/2006,Giáo dục và đào tạo,Giáo dục đại học,Thủ tướng Chính phủ,Phó Thủ tướng,Phạm Gia Khiêm,Toàn quốc,Còn hiệu lực,2006
18022,Về việc giao nhiệm vụ đào tạo tiến sĩ cho Trường Đại học Đà Lạt,174/2005/QĐ-TTg,2005-07-14,Quyết định,07/08/2005,,"Công báo số 26 + 27, năm 2005;",23/07/2005,Giáo dục và đào tạo,Giáo dục đại học,Thủ tướng Chính phủ,Phó Thủ tướng,Phạm Gia Khiêm,Toàn quốc,Còn hiệu lực,2005
15748,Về việc đổi tên Trường Đại học Thuỷ sản thành Trường Đại học Nha Trang,172/2006/QĐ-TTg,2006-07-25,Quyết định,14/08/2006,,"Công báo số 29 + 30, năm 2006",30/07/2006,Giáo dục và đào tạo,Giáo dục đại học,Thủ tướng Chính phủ,Phó Thủ tướng,Phạm Gia Khiêm,Toàn quốc,Còn hiệu lực,2006
15714,Về việc thành lập Trường Đại học Lao động - Xã hội,26/2005/QĐ-TTg,2005-01-31,Quyết định,27/02/2005,,Công báo số 07 & 08 - 02/2005;,12/02/2005,Giáo dục và đào tạo,Giáo dục đại học,Thủ tướng Chính phủ,Phó Thủ tướng,Phạm Gia Khiêm,Toàn quốc,Còn hiệu lực,2005
16177,Về việc đổi tên Trường Đại học dân lập Quản lý - Kinh doanh Hà Nội,750/QĐ-TTg,2006-05-19,Quyết định,13/06/2006,,"Công báo số 31, năm 2006",29/05/2006,Giáo dục và đào tạo,Giáo dục đại học,Thủ tướng Chính phủ,Phó Thủ tướng,Phạm Gia Khiêm,Toàn quốc,Còn hiệu lực,2006
16179,Về việc thành lập Trường Đại học Điện lực,111/2006/QĐ-TTg,2006-05-19,Quyết định,13/06/2006,,"Công báo số 31, năm 2006",29/05/2006,Giáo dục và đào tạo,Giáo dục đại học,Thủ tướng Chính phủ,Phó Thủ tướng,Phạm Gia Khiêm,Toàn quốc,Còn hiệu lực,2006
16140,Về việc thành lập Trường Đại học Sư phạm Nghệ thuật Trung ương,117/2006/QĐ-TTg,2006-05-26,Quyết định,22/06/2006,,"Công báo số 7, năm 2006",07/06/2006,Giáo dục và đào tạo,Giáo dục đại học,Thủ tướng Chính phủ,Phó Thủ tướng,Phạm Gia Khiêm,Toàn quốc,Còn hiệu lực,2006
16149,Về chuyển loại hình trường đại học dân lập sang loại hình trường đại học tư thục,122/2006/QĐ-TTg,2006-05-29,Quyết định,24/06/2006,,"Công báo số 8+9, năm 2006",09/06/2006,Giáo dục và đào tạo,Giáo dục đại học,Thủ tướng Chính phủ,Phó Thủ tướng,Phạm Gia Khiêm,Toàn quốc,Còn hiệu lực,2006
16579,"Ban hành Chương trình khung dạy tiếng dân tộc thiểu số (có chữ viết) cho cán bộ, công chức công tác ở vùng dân tộc thiểu số",03/2006/QĐ-BGD&ĐT,2006-01-24,Quyết định,24/02/2006,,"Công báo số 23 + 24, năm 2006",09/02/2006,Giáo dục và đào tạo,"Quy chế thi, tuyển sinh",Bộ Giáo dục và Đào tạo,Thứ trưởng,Nguyễn Văn Vọng,Toàn quốc,Còn hiệu lực,2006
16580,Ban hành Chương trình khung đào tạo giáo viên dạy tiếng dân tộc thiểu số (có chữ viết),02/2006/QĐ-BGD,2006-01-24,Quyết định,24/02/2006,,"Công báo số 23 + 24, năm 2006",09/02/2006,Giáo dục và đào tạo,"Quy chế thi, tuyển sinh",Bộ Giáo dục và Đào tạo,Thứ trưởng,Nguyễn Văn Vọng,Toàn quốc,Còn hiệu lực,2006
16530,"Về việc sửa đổi, bổ sung một số điều của Quy chế tuyển  sinh đại học, cao đẳng hệ chính quy ban hành kèm theo Quyết định số 07/2005/QĐ-BGD&ĐTngày 04/03/2005 của Bộ trưởng Bộ Giáo dục và Đào tạo",05/2006/QĐ-BGD,2006-02-21,Quyết định,25/03/2006,,"Công báo số 03+04, năm 2006",03/03/2006,Giáo dục và đào tạo,Giáo dục đại học,Bộ Giáo dục và Đào tạo,Bộ trưởng,Nguyễn Minh Hiển,Toàn quốc,Còn hiệu lực,2006
16504,Về việc thành lập Trường Đại học Tây Đô,54/2006/QĐ-TTg,2006-03-09,Quyết định,07/04/2006,,"Công báo số 34 + 35, năm 2006",23/03/2006,Giáo dục và đào tạo,Giáo dục đại học,Thủ tướng Chính phủ,Phó Thủ tướng,Phạm Gia Khiêm,Toàn quốc,Còn hiệu lực,2006
16937,Về việc giao nhiệm vụ đào tạo thạc sĩ cho Trường Đại học Tây Nguyên,329/2005/QĐ-TTg,2005-12-12,Quyết định,04/01/2006,,Công báo số 24 & 25 - 12/2005;,20/12/2005,Giáo dục và đào tạo,Giáo dục đại học,Thủ tướng Chính phủ,Phó Thủ tướng,Phạm Gia Khiêm,Toàn quốc,Còn hiệu lực,2005
15522,Về việc đổi tên Trường Đại học Ngoại ngữ thành Trường Đại học Hà Nội,190/2006/QĐ-TTg,2006-08-17,Quyết định,08/09/2006,,Công báo số 67 & 68 - 08/2006;,24/08/2006,Giáo dục và đào tạo,Giáo dục đại học,Thủ tướng Chính phủ,Thủ tướng,Nguyễn Tấn Dũng,Toàn quốc,Còn hiệu lực,2006
16035,Về việc thành lập Trường Đại học Chu Văn An,135/2006/QĐ-TTg,2006-06-08,Quyết định,05/07/2006,,"Công báo số 22 + 23, năm 2006",20/06/2006,Giáo dục và đào tạo,Giáo dục đại học,Thủ tướng Chính phủ,Phó Thủ tướng,Phạm Gia Khiêm,Toàn quốc,Còn hiệu lực,2006
16036,Về việc thành lập Trường Đại học Công nghệ thông tin thuộc Đại học Quốc gia thành phố Hồ Chí Minh,134/2006/QĐ-TTg,2006-06-08,Quyết định,05/07/2006,,"Công báo số 522+523, năm 2010",20/06/2006,Giáo dục và đào tạo,Giáo dục đại học,Thủ tướng Chính phủ,Phó Thủ tướng,Phạm Gia Khiêm,Toàn quốc,Còn hiệu lực,2006
18404,Về việc giao nhiệm vụ đào tạo thạc sĩ cho Trường Đại học An ninh nhân dân,07/2005/QĐ-TTg,2005-01-07,Quyết định,29/01/2005,,Công báo số 13 & 14 - 01/2005;,14/01/2005,Giáo dục và đào tạo,Giáo dục đại học,Thủ tướng Chính phủ,Phó Thủ tướng,Phạm Gia Khiêm,Toàn quốc,Còn hiệu lực,2005
20082,Về việc giao nhiệm vụ đào tạo tiến sĩ cho Đại học Thái Nguyên,42/2004/QĐ-TTg,2004-03-23,Quyết định,12/04/2004,,"Công báo số 16, 2004;",28/03/2004,Giáo dục và đào tạo,Giáo dục đại học,Thủ tướng Chính phủ,Phó Thủ tướng,Phạm Gia Khiêm,Toàn quốc,Còn hiệu lực,2004
20084,Về việc giao nhiệm vụ đào tạo thạc sĩ cho Trường đại học Y Hải Phòng,44/2004/QĐ-TTg,2004-03-25,Quyết định,15/04/2004,,"Công báo số 17, 2004;",31/03/2004,Giáo dục và đào tạo,Giáo dục đại học,Thủ tướng Chính phủ,Phó Thủ tướng,Phạm Gia Khiêm,Toàn quốc,Còn hiệu lực,2004
16840,Về việc thành lập Trường Đại học Văn hoá - Nghệ thuật quân đội,02/2006/QĐ-TTg,2006-01-03,Quyết định,28/01/2006,,"Công báo số 17 + 18, năm 2006",13/01/2006,Giáo dục và đào tạo,Giáo dục đại học,Thủ tướng Chính phủ,Phó Thủ tướng,Phạm Gia Khiêm,Toàn quốc,Còn hiệu lực,2006
20111,Về việc đổi tên Trường Đại học Sư phạm Hải Phòng thành Trường Đại học Hải Phòng,60/2004/QĐ-TTg,2004-04-09,Quyết định,04/05/2004,,"Công báo số 11, 2004;",19/04/2004,Giáo dục và đào tạo,Giáo dục đại học,Thủ tướng Chính phủ,Phó Thủ tướng,Phạm Gia Khiêm,Toàn quốc,Còn hiệu lực,2004
20104,Về việc thành lập Trường Đại học Dân lập Kỹ nghệ thành phố Hồ Chí Minh,57/2004/QĐ-TTg,2004-04-06,Quyết định,01/05/2004,,"Công báo số 8, 2004;",16/04/2004,Giáo dục và đào tạo,Giáo dục đại học,Thủ tướng Chính phủ,Phó Thủ tướng,Phạm Gia Khiêm,Toàn quốc,Còn hiệu lực,2004
17209,Về việc giao nhiệm vụ đào tạo thạc sĩ cho Trường Đại học dân lập Quản lý và Kinh doanh Hà Nội,300/2005/QĐ-TTg,2005-11-21,Quyết định,14/12/2005,,Công báo số 31 & 32 - 11/2005;,29/11/2005,Giáo dục và đào tạo,Giáo dục đại học,Thủ tướng Chính phủ,Phó Thủ tướng,Phạm Gia Khiêm,Toàn quốc,Còn hiệu lực,2005
20975,Về việc đổi tên Trường Đại học Sư phạm Quy Nhơn thành Trường Đại học Quy Nhơn,221/2003/QĐ-TTg,2003-10-30,Quyết định,18/11/2003,,"Công báo số 177, năm 2003",03/11/2003,Giáo dục và đào tạo,Giáo dục đại học,Thủ tướng Chính phủ,Phó Thủ tướng,Phạm Gia Khiêm,Toàn quốc,Còn hiệu lực,2003
19501,Về việc thành lập Trường Đại học Ngoại ngữ trực thuộc Đại học Huế,126/2004/QĐ-TTg,2004-07-13,Quyết định,08/08/2004,,Công báo số 47 + 48 năm 2004,24/07/2004,Giáo dục và đào tạo,Giáo dục đại học,Thủ tướng Chính phủ,Phó Thủ tướng,Phạm Gia Khiêm,Toàn quốc,Còn hiệu lực,2004
152183,Quy định nội dung chính ghi trên văn bằng và phụ lục văn bằng giáo dục đại học,27/2019/TT-BGDĐT,2019-12-30,Thông tư,01/03/2020,,,04/02/2020,Giáo dục và đào tạo,Giáo dục đại học,Bộ Giáo dục và Đào tạo,Thứ trưởng,Nguyễn Hữu Độ,Toàn quốc,Còn hiệu lực,2019
153186,Bãi bỏ một số văn bản quy phạm pháp luật do Bộ trưởng Bộ Giáo dục và Đào tạo ban hành về giáo dục đại học và trung cấp chuyên nghiệp,46/2021/TT-BGDĐT,2021-12-31,Thông tư,15/02/2022,,,22/01/2022,Giáo dục và đào tạo,Giáo dục đại học,Bộ Giáo dục và Đào tạo,Thứ trưởng,Nguyễn Văn Phúc,Toàn quốc,Còn hiệu lực,2021
153175,"Sửa đổi, bổ sung một số điều của Thông tư số 35/2020/TT-BGDĐT ngày 01 tháng 10 năm 2020 của Bộ trưởng Bộ Giáo dục và Đào tạo quy định mã số, tiêu chuẩn chức danh nghề nghiệp, bổ nhiệm và xếp lương đối với viên chức giảng dạy trong các trường cao đẳng sư phạm công lập; Thông tư số 40/2020/TT-BGDĐT ngày 26 tháng 10 năm 2020 của Bộ trưởng Bộ Giáo dục và Đào tạo quy định mã số, tiêu chuẩn chức danh nghề nghiệp, bổ nhiệm và xếp lương đối với viên chức giảng dạy trong các cơ sở giáo dục đại học công lập",04/2022/TT-BGDĐT,2022-03-04,Thông tư,19/04/2022,,,...,Giáo dục và đào tạo,Giáo dục đại học,Bộ Giáo dục và Đào tạo,Thứ trưởng,Phạm Ngọc Thưởng,Toàn quốc,Còn hiệu lực,2022
150076,"Sửa đổi, bổ sung một số điều của Quy chế thi đánh giá năng lực ngoại ngữ theo Khung năng lực ngoại ngữ 6 bậc dùng cho Việt Nam ban hành kèm theo Thông tư số 23/2017/TT-BGDĐT ngày 29 tháng 9 năm 2017 của Bộ trưởng Bộ Giáo dục và Đào tạo",24/2021/TT-BGDĐT,2021-09-08,Thông tư,24/10/2021,,,25/09/2021,Giáo dục và đào tạo,"Quy chế thi, tuyển sinh",Bộ Giáo dục và Đào tạo,Thứ trưởng,Nguyễn Hữu Độ,Toàn quốc,Còn hiệu lực,2021
150079,Ban hành Quy chế thi đánh giá năng lực tiếng Việt theo Khung năng lực tiếng Việt dùng cho người nước ngoài,27/2021/TT-BGDĐT,2021-10-07,Thông tư,22/11/2021,,,...,Giáo dục và đào tạo,"Quy chế thi, tuyển sinh",Bộ Giáo dục và Đào tạo,Thứ trưởng,Nguyễn Hữu Độ,Toàn quốc,Còn hiệu lực,2021
150077,"Hướng dẫn triển khai đào tạo trình độ tiến sĩ, trình độ thạc sĩ cho giảng viên các cơ sở giáo dục đại học theo Quyết định số 89/QĐ-TTg ngày 18 tháng 01 năm 2019 của Thủ tướng Chính phủ phê duyệt Đề án Nâng cao năng lực đội ngũ giảng viên, cán bộ quản lý các cơ sở giáo dục đại học đáp ứng yêu cầu đổi mới căn bản, toàn diện giáo dục và đào tạo giai đoạn 2019 - 2030",25/2021/TT-BGDĐT,2021-09-08,Thông tư,24/10/2021,,,30/09/2021,Giáo dục và đào tạo,Giáo dục đại học,Bộ Giáo dục và Đào tạo,Thứ trưởng,Hoàng Minh Sơn,Toàn quốc,Còn hiệu lực,2021
150075,Ban hành Quy chế tuyển sinh và đào tạo trình độ thạc sĩ,23/2021/TT-BGDĐT,2021-08-30,Thông tư,15/10/2021,,,19/09/2021,Giáo dục và đào tạo,"Quy chế thi, tuyển sinh",Bộ Giáo dục và Đào tạo,Thứ trưởng,Hoàng Minh Sơn,Toàn quốc,Còn hiệu lực,2021
150078,Quy định về hoạt động nghiên cứu khoa học của sinh viên trong cơ sở giáo dục đại học,26/2021/TT-BGDĐT,2021-09-17,Thông tư,02/11/2021,,,07/10/2021,Giáo dục và đào tạo,Giáo dục đại học,Bộ Giáo dục và Đào tạo,Thứ trưởng,Nguyễn Văn Phúc,Toàn quốc,Còn hiệu lực,2021
154415,"Ban hành Quy chế tuyển sinh đại học, tuyển sinh cao đẳng ngành Giáo dục Mầm non",08/2022/TT-BGDĐT,2022-06-06,Thông tư,22/07/2022,,,...,Giáo dục và đào tạo,Giáo dục đại học,Bộ Giáo dục và Đào tạo,Thứ trưởng,Hoàng Minh Sơn,Toàn quốc,Còn hiệu lực,2022
154416,Quy định Danh mục thống kê ngành đào tạo của giáo dục đại học,09/2022/TT-BGDĐT,2022-06-06,Thông tư,22/07/2022,,,...,Giáo dục và đào tạo,Giáo dục đại học,Bộ Giáo dục và Đào tạo,Thứ trưởng,Hoàng Minh Sơn,Toàn quốc,Còn hiệu lực,2022
157189,"Quy định việc biên soạn, lựa chọn, thẩm định, duyệt và sử dụng tài liệu giảng dạy, giáo trình giáo dục đại học",35/2021/TT-BGDĐT,2021-12-06,Thông tư,21/01/2022,,,19/01/2022,Giáo dục và đào tạo,Giáo dục đại học,Bộ Giáo dục và Đào tạo,Thứ trưởng,Hoàng Minh Sơn,Toàn quốc,Còn hiệu lực,2021
156377,Quy định về kiểm định viên giáo dục đại học và cao đẳng sư phạm,14/2022/TT-BGDĐT,2022-10-10,Thông tư,25/11/2022,,,...,Giáo dục và đào tạo,Giáo dục đại học,Bộ Giáo dục và Đào tạo,Thứ trưởng,Hoàng Minh Sơn,Toàn quốc,Còn hiệu lực,2022
159090,"Ban hành Danh mục thiết bị dạy học tối thiểu môn học Giáo dục quốc phòng và an ninh trong các trường tiểu học, trung học cơ sở, trung học phổ thông và trường phổ thông có nhiều cấp học, trường cao đẳng sư phạm và cơ sở giáo dục đại học",19/2022/TT-BGDĐT,2022-12-22,Thông tư,06/02/2023,,,08/01/2023,Giáo dục và đào tạo,Giáo dục đại học,Bộ Giáo dục và Đào tạo,Thứ trưởng,Nguyễn Văn Phúc,Toàn quốc,Còn hiệu lực,2022
159055,Quy định về hoạt động khoa học và công nghệ trong cơ sở giáo dục đại học,109/2022/NĐ-CP,2022-12-30,Nghị định,01/03/2023,,,14/01/2023,Giáo dục và đào tạo,Giáo dục đại học,Chính phủ,Phó Thủ tướng,Vũ Đức Đam,Toàn quốc,Còn hiệu lực,2022
159102,"Quy định mã số, tiêu chuẩn chức danh nghề nghiệp, bổ nhiệm và xếp lương viên chức giáo vụ trong trường phổ thông dân tộc nội trú; trường trung học phổ thông chuyên; trường dự bị đại học và trường dành cho người khuyết tật công lập",22/2022/TT-BGDĐT,2022-12-28,Thông tư,12/02/2023,,,03/01/2023,Giáo dục và đào tạo,Giáo dục đại học,Bộ Giáo dục và Đào tạo,Thứ trưởng,Phạm Ngọc Thưởng,Toàn quốc,Còn hiệu lực,2022
164241,Quy định về việc dạy và học tiếng Việt cho trẻ em là người dân tộc thiểu số trước khi vào lớp Một,23/2023/TT-BGDĐT,2023-12-08,Thông tư,23/01/2024,,,...,Giáo dục và đào tạo,"Quy chế thi, tuyển sinh",Bộ Giáo dục và Đào tạo,Thứ trưởng,Ngô Thị Minh,Toàn quốc,Còn hiệu lực,2023
164227,Bãi bỏ Thông tư số 23/2014/TT-BGDĐT ngày 18 tháng 7 năm 2014 của Bộ trưởng Bộ Giáo dục và Đào tạo ban hành quy định về đào tạo chất lượng cao trình độ đại học,11/2023/TT-BGDĐT,2023-06-15,Thông tư,01/12/2023,,,26/06/2023,Giáo dục và đào tạo,Giáo dục đại học,Bộ Giáo dục và Đào tạo,Thứ trưởng,Hoàng Minh Sơn,Toàn quốc,Còn hiệu lực,2023
164229,"Quy định việc giám sát, đánh giá tổ chức kiểm định chất lượng giáo dục đại học và cao đẳng sư phạm",13/2023/TT-BGDĐT,2023-06-26,Thông tư,11/08/2023,,,19/07/2023,Giáo dục và đào tạo,Giáo dục đại học,Bộ Giáo dục và Đào tạo,Thứ trưởng,Hoàng Minh Sơn,Toàn quốc,Còn hiệu lực,2023
164238,"Quy định mã số, tiêu chuẩn chức danh nghề nghiệp và bổ nhiệm, xếp lương giáo viên trường dự bị đại học",22/2023/TT-BGDĐT,2023-11-28,Thông tư,15/01/2024,,,06/12/2023,Giáo dục và đào tạo,Giáo dục đại học,Bộ Giáo dục và Đào tạo,Thứ trưởng,Phạm Ngọc Thưởng,Toàn quốc,Còn hiệu lực,2023
164230,Quy định tiêu chuẩn thư viện cơ sở giáo dục đại học,14/2023/TT-BGDĐT,2023-07-17,Thông tư,01/09/2023,,,01/08/2023,Giáo dục và đào tạo,Giáo dục đại học,Bộ Giáo dục và Đào tạo,Thứ trưởng,Phạm Ngọc Thưởng,Toàn quốc,Còn hiệu lực,2023
164226,"Sửa đổi, bổ sung một số điều của Thông tư 03/2022/TT-BGDĐT ngày 18/01/2022 của Bộ trưởng Bộ Giáo dục và Đào tạo quy định về việc xác định chỉ tiêu tuyển sinh đại học, thạc sĩ, tiến sĩ và chỉ tiêu tuyển sinh cao đẳng ngành Giáo dục Mầm non",10/2023/TT-BGDĐT,2023-04-28,Thông tư,13/06/2023,,,09/06/2023,Giáo dục và đào tạo,Giáo dục đại học,Bộ Giáo dục và Đào tạo,Thứ trưởng,Hoàng Minh Sơn,Toàn quốc,Còn hiệu lực,2023
165997,Quy định về ứng dụng công nghệ thông tin trong đào tạo trực tuyến đối với giáo dục đại học,30/2023/TT-BGDĐT,2023-12-29,Thông tư,13/02/2024,,,...,Giáo dục và đào tạo,Giáo dục đại học,Bộ Giáo dục và Đào tạo,Thứ trưởng,Hoàng Minh Sơn,Toàn quốc,Còn hiệu lực,2023
165996,Ban hành Quy chế đào tạo từ xa trình độ đại học,28/2023/TT-BGDĐT,2023-12-28,Thông tư,12/02/2024,,,...,Giáo dục và đào tạo,Giáo dục đại học,Bộ Giáo dục và Đào tạo,Thứ trưởng,Hoàng Minh Sơn,Toàn quốc,Còn hiệu lực,2023
165999,Ban hành Chuẩn cơ sở giáo dục đại học,01/2024/TT-BGDĐT,2024-02-05,Thông tư,22/03/2024,,,...,Giáo dục và đào tạo,Giáo dục đại học,Bộ Giáo dục và Đào tạo,Thứ trưởng,Hoàng Minh Sơn,Toàn quốc,Còn hiệu lực,2024
167012,"quy định tiêu chuẩn, điều kiện xét thăng hạng chức danh nghề nghiệp viên chức giảng dạy trong các cơ sở giáo dục đại học công lập và trường cao đẳng sư phạm",05/2024/TT-BGDĐT,2024-03-29,Thông tư,01/06/2024,,,30/04/2024,Giáo dục và đào tạo,Giáo dục đại học,Bộ Giáo dục và Đào tạo,Thứ trưởng,Phạm Ngọc Thưởng,Toàn quốc,Còn hiệu lực,2024
167011,"Hướng dẫn về vị trí việc làm lãnh đạo, quản lý và vị trí việc làm chức danh nghề nghiệp chuyên ngành giáo dục và đào tạo trong các cơ sở giáo dục đại học và các trường cao đẳng sư phạm công lập",04/2024/TT-BGDĐT,2024-03-29,Thông tư,15/05/2024,,,19/04/2024,Giáo dục và đào tạo,Giáo dục đại học,Bộ Giáo dục và Đào tạo,Thứ trưởng,Phạm Ngọc Thưởng,Toàn quốc,Còn hiệu lực,2024
164827,"Quy định chi tiết thi hành một số điều của Luật Thi đua, khen thưởng đối với ngành Giáo dục",29/2023/TT-BGDĐT,2023-12-29,Thông tư,15/02/2024,,,...,Giáo dục và đào tạo,"Quy chế thi, tuyển sinh",Bộ Giáo dục và Đào tạo,Thứ trưởng,Ngô Thị Minh,Toàn quốc,Còn hiệu lực,2023
172068,Quy định nội dung thêu “Cờ thi đua của Đại học Quốc gia”,10/2024/TT-BGDĐT,2024-08-26,Thông tư,11/10/2024,,,...,Giáo dục và đào tạo,Giáo dục đại học,Bộ Giáo dục và Đào tạo,Thứ trưởng,Nguyễn Thị Kim Chi,Toàn quốc,Còn hiệu lực,2024
172067,"Sửa đổi, bổ sung một số điều của Thông tư số 02/2022/TT-BGDĐT ngày 18 tháng 01 năm 2022 của Bộ trưởng Bộ Giáo dục và Đào tạo quy định điều kiện, trình tự, thủ tục mở ngành đào tạo, đình chỉ hoạt động của ngành đào tạo trình độ đại học, thạc sĩ, tiến sĩ",12/2024/TT-BGDĐT,2024-10-10,Thông tư,05/01/2025,,,...,Giáo dục và đào tạo,Giáo dục đại học,Bộ Giáo dục và Đào tạo,Thứ trưởng,Hoàng Minh Sơn,Toàn quốc,Còn hiệu lực,2024
172452,"Thông tư sửa đổi, bổ sung một số điều của Quy chế tuyển sinh đi học nước ngoài ban hành kèm theo Thông tư số 06/2016/TT-BGDĐT ngày 21 tháng 3 năm 2016 được sửa đổi, bổ sung bổi Thông tư số 18/2022/TT-BGDĐT ngày 15 tháng 12 năm 2022 của Bộ trưởng Bộ Giáo dục và Đào tạo",20/2024/TT-BGDĐT,2024-11-28,Thông tư,14/01/2025,,,...,Giáo dục và đào tạo,"Quy chế thi, tuyển sinh",Bộ Giáo dục và Đào tạo,Thứ trưởng,Nguyễn Văn Phúc,Toàn quốc,Còn hiệu lực,2024
174807,"Thông tư Quy định điều kiện, trình tự, thủ tục mở ngành đào tạo, đình chỉ hoạt động của ngành đào tạo trình độ đại học, thạc sĩ, tiến sĩ",07/VBHN-BGDĐT,2024-12-09,Văn bản hợp nhất,...,,,...,Giáo dục và đào tạo,Giáo dục đại học,Bộ Giáo dục và Đào tạo,Thứ trưởng,Hoàng Minh Sơn,Toàn quốc,Còn hiệu lực,2024
175610,Thông tư quy định về kiểm định chất lượng chương trình đào tạo các trình độ của giáo dục đại học,04/2025/TT-BGDĐT,2025-02-17,Thông tư,04/04/2025,,,...,Giáo dục và đào tạo,Giáo dục đại học,Bộ Giáo Dục và Ðào Tạo,Thứ trưởng,Hoàng Minh Sơn,Toàn quốc,Còn hiệu lực,2025
177147,"Thông tư quy định về liên kết đào tạo giữa cơ sở giáo dục đại học Việt Nam và cơ sở giáo dục đại học nước ngoài trình độ đại học, thạc sĩ và tiến sĩ.",07/2025/TT-BGDĐT,2025-03-27,Thông tư,05/05/2025,,,...,Giáo dục và đào tạo,Giáo dục đại học,Bộ Giáo Dục và Ðào Tạo,Thứ trưởng,Hoàng Minh Sơn,Toàn quốc,Còn hiệu lực,2025
180552,Nghị định quy định việc dạy và học bằng tiếng nước ngoài trong cơ sở giáo dục đại học,222/2025/NĐ-CP,2025-08-08,Nghị định,25/09/2025,,,...,Giáo dục và đào tạo,Giáo dục đại học,Chính phủ,Phó Thủ tướng,Lê Thành Long,Toàn quốc,Còn hiệu lực,2025
179823,"Nghị định quy định chức năng, nhiệm vụ và quyền hạn của đại học quốc gia.",201/2025/NĐ-CP,2025-07-11,Nghị định,01/09/2025,,,...,Giáo dục và đào tạo,Giáo dục đại học,Chính phủ,Phó Thủ tướng,Lê Thành Long,Toàn quốc,Còn hiệu lực,2025
187111,Thông tư ban hành Quy chế tuyển sinh các ngành đào tạo trình độ đại học và ngành Giáo dục Mầm non trình độ cao đẳng.,06/2026/TT-BGDĐT,2026-02-15,Thông tư,15/02/2026,,,...,Giáo dục và đào tạo,Giáo dục đại học,Bộ Giáo dục và Đào tạo,Thứ trưởng,Nguyễn Văn Phúc,Toàn quốc,Còn hiệu lực,2026
19370,Về việc thành lập Trường Đại học Kinh tế và Quản trị kinh doanh thuộc Đại học Thái Nguyên,136/2004/QĐ-TTg,2004-08-02,Quyết định,22/08/2004,,Công báo số 4 năm 2004,07/08/2004,Giáo dục và đào tạo,Giáo dục đại học,Thủ tướng Chính phủ,Phó Thủ tướng,Phạm Gia Khiêm,Toàn quốc,Còn hiệu lực,2004
20613,Về việc thành lập Trường Đại học Điều dưỡng Nam Định,24/2004/QĐ-TTg,2004-02-26,Quyết định,19/03/2004,,"Công báo số 4, 2004;",04/03/2004,Giáo dục và đào tạo,Giáo dục đại học,Thủ tướng Chính phủ,Phó Thủ tướng,Phạm Gia Khiêm,Toàn quốc,Còn hiệu lực,2004
19139,Về việc thành lập Trường Đại học Dân lập Yersin Đà Lạt,175/2004/QĐ-TTg,2004-10-01,Quyết định,27/10/2004,,"Công báo số 9, năm 2004",12/10/2004,Giáo dục và đào tạo,Giáo dục đại học,Thủ tướng Chính phủ,Phó Thủ tướng,Phạm Gia Khiêm,Toàn quốc,Còn hiệu lực,2004
18158,Về việc thành lập Trường Đại học Tiền Giang,132/2005/QĐ-TTg,2005-06-06,Quyết định,02/07/2005,,Công báo số 21 - 06/2005;,17/06/2005,Giáo dục và đào tạo,Giáo dục đại học,Thủ tướng Chính phủ,Phó Thủ tướng,Phạm Gia Khiêm,Toàn quốc,Còn hiệu lực,2005
18112,Về việc thành lập Trường Đại học Văn hoá thành phố Hồ Chí Minh,154/2005/QĐ-TTg,2005-06-23,Quyết định,18/07/2005,,Công báo số 03 & 04 - 07/2005;,03/07/2005,Giáo dục và đào tạo,Giáo dục đại học,Thủ tướng Chính phủ,Phó Thủ tướng,Phạm Gia Khiêm,Toàn quốc,Còn hiệu lực,2005
21139,Về việc giao nhiệm vụ đào tạo thạc sĩ cho Đại học Mở bán công thành phố Hồ Chí Minh,204/2003/QĐ-TTg,2003-10-01,Quyết định,18/10/2003,,Công báo số 162,03/10/2003,Giáo dục và đào tạo,Giáo dục đại học,Thủ tướng Chính phủ,Phó Thủ tướng,Phạm Gia Khiêm,Toàn quốc,Còn hiệu lực,2003
18598,Về việc thành lập Trường Đại học Công nghiệpthành phố Hồ Chí Minh,214/2004/QĐ-TTg,2004-12-24,Quyết định,14/01/2005,,Công báo số 29 - 12/2004;,30/12/2004,Giáo dục và đào tạo,Giáo dục đại học,Thủ tướng Chính phủ,Phó Thủ tướng,Phạm Gia Khiêm,Toàn quốc,Còn hiệu lực,2004
21572,Về việc thành lập Trường Đại học Sư phạm Thể dục Thể thao Hà Tây,83/2003/QĐ-TTg,2003-05-05,Quyết định,09/06/2003,,Công báo số 43,25/05/2003,Giáo dục và đào tạo,Giáo dục đại học,Thủ tướng Chính phủ,Phó Thủ tướng,Phạm Gia Khiêm,Toàn quốc,Còn hiệu lực,2003
21535,Về việc thành lập Trường Đại học Hùng  Vương,81/2003/QĐ-TTg,2003-04-29,Quyết định,07/06/2003,,Công báo số 42,23/05/2003,Giáo dục và đào tạo,Giáo dục đại học,Thủ tướng Chính phủ,Phó Thủ tướng,Phạm Gia Khiêm,Toàn quốc,Còn hiệu lực,2003
19631,Về việc thành lập Trường Đại học Công nghệ trực thuộc Đại học Quốc gia Hà Nội,92/2004/QĐ-TTg,2004-05-25,Quyết định,22/06/2004,,"Công báo số 18, năm 2004",07/06/2004,Giáo dục và đào tạo,Giáo dục đại học,Thủ tướng Chính phủ,Phó Thủ tướng,Phạm Gia Khiêm,Toàn quốc,Còn hiệu lực,2004
21709,Về việc thành lập Trường Đại học Sư phạm Đồng Tháp,08/2003/QĐ-TTg,2003-01-10,Quyết định,25/01/2003,,Số 9,15/02/2003,Giáo dục và đào tạo,Giáo dục đại học,Thủ tướng Chính phủ,Phó Thủ tướng,Phạm Gia Khiêm,Toàn quốc,Còn hiệu lực,2003
20580,Về việc thành lập Trường Đại học dân lập Lương Thế Vinh,259/2003/QĐ-TTg,2003-12-05,Quyết định,20/12/2003,,"Công báo số 08, 2003;",11/12/2003,Giáo dục và đào tạo,Giáo dục đại học,Thủ tướng Chính phủ,Phó Thủ tướng,Phạm Gia Khiêm,Toàn quốc,Còn hiệu lực,2003
21236,Việc thành lập Trường Đại học Ngân hàng thành phố Hồ Chí Minh,174/2003/QĐ-TTg,2003-08-20,Quyết định,16/09/2003,,"Công báosố 140, năm 2003",01/09/2003,Giáo dục và đào tạo,Giáo dục đại học,Thủ tướng Chính phủ,Phó Thủ tướng,Phạm Gia Khiêm,Toàn quốc,Còn hiệu lực,2003
17148,Về việc giao nhiệm vụ đào tạo tiến sĩ cho Trường Đại học Y Thái Bình,282/2005/QĐ-TTg,2005-11-07,Quyết định,03/12/2005,,Công báo số 19 & 20 - 11/2005;,18/11/2005,Giáo dục và đào tạo,Giáo dục đại học,Thủ tướng Chính phủ,Phó Thủ tướng,Phạm Gia Khiêm,Toàn quốc,Còn hiệu lực,2005
17145,Về việc thành lập Trường Đại học Sư phạm Thể dục Thể thao thành phố Hồ Chí Minh,285/2005/QĐ-TTg,2005-11-08,Quyết định,03/12/2005,,Công báo số 19 & 20 - 11/2005;,18/11/2005,Giáo dục và đào tạo,Giáo dục đại học,Thủ tướng Chính phủ,Phó Thủ tướng,Phạm Gia Khiêm,Toàn quốc,Còn hiệu lực,2005
21500,Về việc thành lập Trường Đại học An ninh nhân dân,154/2003/QĐ-TTg,2003-07-30,Quyết định,28/08/2003,,Công báo số 129,13/08/2003,Giáo dục và đào tạo,Giáo dục đại học,Thủ tướng Chính phủ,Phó Thủ tướng,Phạm Gia Khiêm,Toàn quốc,Còn hiệu lực,2003
21492,Về việc thành lập Trường Đại học Cảnh sát nhân dân,152/2003/QĐ-TTg,2003-07-28,Quyết định,21/08/2003,,Công báo số 115,06/08/2003,Giáo dục và đào tạo,Giáo dục đại học,Thủ tướng Chính phủ,Phó Thủ tướng,Phạm Gia Khiêm,Toàn quốc,Còn hiệu lực,2003
21481,Về việc giao nhiệm vụ đào tạo trình độ thạc sĩ cho Trường Đại học Răng - Hàm - Mặt,144/2003/QĐ-TTg,2003-07-14,Quyết định,10/08/2003,,Công báo số 106,26/07/2003,Giáo dục và đào tạo,Giáo dục đại học,Thủ tướng Chính phủ,Phó Thủ tướng,Phạm Gia Khiêm,Toàn quốc,Còn hiệu lực,2003
21473,Về việc thành lập Trường Đại học dân lập Phú Xuân,140/2003/QĐ-TTg,2003-07-11,Quyết định,10/08/2003,,Công báo số 106,26/07/2003,Giáo dục và đào tạo,Giáo dục đại học,Thủ tướng Chính phủ,Phó Thủ tướng,Phạm Gia Khiêm,Toàn quốc,Còn hiệu lực,2003
21417,Về việc ban hành Điều lệ trường đại học,153/2003/QĐ-TTg,2003-07-30,Quyết định,28/08/2003,...,Công báo số 129,13/08/2003,Giáo dục và đào tạo,Giáo dục đại học,Thủ tướng Chính phủ,Thủ tướng,Phan Văn Khải,Toàn quốc,Còn hiệu lực,2003
22005,Về Việc giao nhiệm vụ đào tạo trình độ thạc sĩ cho Trường Đại học Giao thông vận tải thành phố Hồ Chí Minh.,149/2002/QĐ-TTg,2002-11-06,Quyết định,21/11/2002,,Công báo số 60/2002;,30/11/2002,Giáo dục và đào tạo,Giáo dục đại học,Thủ tướng Chính phủ,Phó Thủ tướng,Phạm Gia Khiêm,Toàn quốc,Còn hiệu lực,2002
24192,"Về việc sửa đổi, bổ sung điểm 2, 4 và 5 Mục I của Tiêu chuẩn bộ mẫu thiết bị dạy học tối thiểu môn học giáo dục quốc phòng cho các trường Trung học phổ thông, Trung học chuyên nghiệp, Đại học và Cao đẳng ban hành kèm theo Quyết định số 10/2005/QĐ-BGD&ĐT ngày 01 tháng 4 năm 2005 của Bộ trưởng Bộ Giáo dục và Đào tạo và đã được bổ sung tại Quyết định số 09/2007/QĐ-BGDĐT ngày 10 tháng 4 năm 2007 của Bộ trưởng Bộ Giáo dục và Đào tạo",28/2008/QĐ-BGDĐT,2008-06-03,Quyết định,01/07/2008,,"Công báo số 349+350, năm 2008",16/06/2008,Giáo dục và đào tạo,Giáo dục đại học,Bộ Giáo dục và Đào tạo,Thứ trưởng thường trực,Bành Tiến Long,Toàn quốc,Còn hiệu lực,2008
26049,"Ban hành Quy định về việc đánh giá công tác học sinh, sinh viên của các trường đại học, cao đẳng và trung cấp chuyên nghiệp",39/2010/TT-BGDĐT,2010-12-23,Thông tư,08/02/2011,,"Công báo số 31+32, năm 2011",10/01/2011,Giáo dục và đào tạo,Giáo dục đại học,Bộ Giáo dục và Đào tạo,Thứ trưởng,Trần Quang Quý,Toàn quốc,Còn hiệu lực,2010
26015,Ban hành Bộ chương trình khung giáo dục đại học khối ngành Công nghệ trình độ đại học và cao đẳng,37/2009/TT-BGDĐT,2009-12-14,Thông tư,28/01/2010,,"Công báo số 601+602, năm 2009",30/12/2009,Giáo dục và đào tạo,Giáo dục đại học,Bộ Giáo dục và Đào tạo,Thứ trưởng,Phạm Vũ Luận,Toàn quốc,Còn hiệu lực,2009
24100,Về việc phê duyệt Hiệp định hợp tác giữa Chính phủ nước Cộng hòa xã hội chủ nghĩa Việt Nam và Chính phủ nước Cộng hòa Ăng-gô-la trong lĩnh vực giáo dục đại học và đào tạo cán bộ,92/2008/QĐ-TTg,2008-07-10,Quyết định,10/07/2008,,,...,Giáo dục và đào tạo,Giáo dục đại học,Thủ tướng Chính phủ,Phó Thủ tướng,Phạm Gia Khiêm,Toàn quốc,Còn hiệu lực,2008
25098,"Ban hành chương trình khung Giáo dục đại học ngành Công tác xã hội trình độ đại học, cao đẳng",10/2010/TT-BGDĐT,2010-03-22,Thông tư,11/05/2010,,"Công báo số 157+158, năm 2010",12/04/2010,Giáo dục và đào tạo,Giáo dục đại học,Bộ Giáo dục và Đào tạo,Thứ trưởng,Phạm Vũ Luận,Toàn quốc,Còn hiệu lực,2010
25091,"Ban hành Bộ chương trình khung giáo dục đại học khối ngành Khoa học Sức khỏe, trình độ cao đẳng",11/2010/TT-BGDĐT,2010-03-23,Thông tư,07/05/2010,,"Công báo số 153+154, năm 2010",08/04/2010,Giáo dục và đào tạo,Giáo dục đại học,Bộ Giáo dục và Đào tạo,Thứ trưởng,Phạm Vũ Luận,Toàn quốc,Còn hiệu lực,2010
25075,"Ban hành Quy chế Học viên các trường đại học, cao đẳng và trung cấp chuyên nghiệp hình thức vừa làm vừa học",09/2010/TT-BGDĐT,2010-03-10,Thông tư,28/04/2010,,"Công báo số 135+136, năm 2010",28/03/2010,Giáo dục và đào tạo,Giáo dục đại học,Bộ Giáo dục và Đào tạo,Thứ trưởng,Trần Quang Quý,Toàn quốc,Còn hiệu lực,2010
23124,Về đổi tên Trường Đại học Sư phạm Vinh thành Trường Đại học Vinh,62/2001/QĐ-TTg,2001-04-25,Quyết định,10/05/2001,,Công báo số 20;,31/05/2001,Giáo dục và đào tạo,Giáo dục đại học,Thủ tướng Chính phủ,Phó Thủ tướng,Phạm Gia Khiêm,Toàn quốc,Còn hiệu lực,2001
23554,Về việc tổ chức lại Đại học Quốc gia Hà Nội,14/2001/QĐ-TTg,2001-02-12,Quyết định,27/02/2001,,"Công báo số 10, năm 2001",15/03/2001,Giáo dục và đào tạo,Giáo dục đại học,Thủ tướng Chính phủ,Thủ tướng,Phan Văn Khải,Toàn quốc,Còn hiệu lực,2001
23553,Về việc tổ chức lại Đại học Quốc gia thành phố Hồ Chí Minh.,15/2001/QĐ-TTg,2001-02-12,Quyết định,27/02/2001,,"Công báo số 10, năm 2001",15/03/2001,Giáo dục và đào tạo,Giáo dục đại học,Thủ tướng Chính phủ,Thủ tướng,Phan Văn Khải,Toàn quốc,Còn hiệu lực,2001
23708,"Ban hành Quy chế ngoại trú của học sinh, sinh viên các trường đại học, cao đẳng, trung cấp chuyên nghiệp hệ chính quy",27/2009/TT-BGDĐT,2009-10-19,Thông tư,02/12/2009,,"Công báo số 505+506, năm 2009",05/11/2009,Giáo dục và đào tạo,Giáo dục đại học,Bộ Giáo dục và Đào tạo,Thứ trưởng,Nguyễn Vinh Hiển,Toàn quốc,Còn hiệu lực,2009
23339,"Về việc ban hành ""Quy chế tổ chức thi tuyển sinh sau đại học đào tạo tại các cơ sở nước ngoài bằng ngân sách nhà nước""",20/2001/QĐ-BGDĐT,2001-06-06,Quyết định,21/06/2001,,Công báo số 28,31/07/2001,Giáo dục và đào tạo,Giáo dục đại học,Bộ Giáo dục và Đào tạo,Bộ trưởng,Nguyễn Minh Hiển,Toàn quốc,Còn hiệu lực,2001
23447,"Về việc ban hành chương trình khung các ngành đào tạo đại học, cao đẳng thuộc nhóm ngành Khoa học sức khoẻ",12/2001/QĐ-BGDĐT,2001-04-26,Quyết định,11/05/2001,,"Công báo số 27, năm 2001",...,Giáo dục và đào tạo,Giáo dục đại học,Bộ Giáo dục và Đào tạo,Thứ trưởng,Vũ Ngọc Hải,Toàn quốc,Còn hiệu lực,2001
26483,"Về việc ban hành ""Quy chế tuyển sinh vào các trường Đại học, Cao đằng, Trung học chuyên nghiệp hệ chính quy""",05/1999/QĐ-BGDĐT,1999-02-23,Quyết định,10/03/1999,,,...,Giáo dục và đào tạo,Giáo dục đại học,Bộ Giáo dục và Đào tạo,Bộ trưởng,Nguyễn Minh Hiển,Toàn quốc,Còn hiệu lực,1999
34041,Quy định chính sách hỗ trợ chi phí học tập đối với sinh viên là người dân tộc thiểu số học tại các cơ sở giáo dục đại học,66/2013/QĐ-TTg,2013-11-11,Quyết định,01/01/2014,,"Công báo số 817+818, năm 2013",25/11/2013,Giáo dục và đào tạo,Giáo dục đại học,Thủ tướng Chính phủ,Phó Thủ tướng,Nguyễn Thiện Nhân,Toàn quốc,Còn hiệu lực,2013
40232,"hướng dẫn tuyển thẳng và ưu tiên xét tuyển vào đại học, cao đẳng năm 2008",1919/BGDĐT-ĐH&SĐH,2008-03-10,Quyết định,10/03/2008,,,...,Giáo dục và đào tạo,"Quy chế thi, tuyển sinh",Bộ Giáo dục và Đào tạo,Thứ trưởng thường trực,Bành Tiến Long,Toàn quốc,Còn hiệu lực,2008
45225,Quy định về việc chuyển đổi loại hình trường đại học dân lập sang loại hình trường đại học tư thục,45/2014/TT-BGDĐT,2014-12-17,Thông tư,01/02/2015,,,...,Giáo dục và đào tạo,Giáo dục đại học,Bộ Giáo dục và Đào tạo,Bộ trưởng,Phạm Vũ Luận,Toàn quốc,Còn hiệu lực,2014
52735,Về ban hành Kế hoạch tổ chức cuộc vận động “Nói không với tiêu cực trong thi cử và bệnh thành tích trong giáo dục”,3859/QĐ-BGDĐT,2006-07-28,Quyết định,28/07/2006,,,...,Giáo dục và đào tạo,"Quy chế thi, tuyển sinh",Bộ Giáo dục và Đào tạo,Bộ trưởng,Nguyễn Thiện Nhân,Toàn quốc,Còn hiệu lực,2006
60012,Về việc đầu tư xây dựng nhà Trung tâm đào tạo Trường Đại học Kinh tế Quốc dân,124/QĐ-TTg,2003-01-28,Quyết định,12/02/2003,,Số 12,28/02/2003,Giáo dục và đào tạo,Giáo dục đại học,Thủ tướng Chính phủ,Phó  Thủ tướng,Phạm Gia Khiêm,Toàn quốc,Còn hiệu lực,2003
71493,"Sửa đổi, bổ sung một số điều của Quy chế đào tạo đại học và cao đẳng hệ chính quy theo hệ thống tín chỉ ban hành kèm theo Quyết định số 43/2007/QĐ-BGDĐT  ngày 15 tháng 8 năm 2007 của Bộ trưởng Bộ Giáo dục và Đào tạo",67/2005/QĐ-UBND,2009-06-30,Quyết định,10/02/2013,,Công báo số 35 đến số 36,21/01/2013,Giáo dục và đào tạo,Giáo dục đại học,Bộ Giáo dục và Đào tạo,Thứ trưởng,Bành Tiến Long,Toàn quốc,Còn hiệu lực,2009
72008,"Phê duyệt đề án “Đào tạo giáo viên, giảng viên giáo dục quốc phòng và an ninh cho các trường trung học phổ thông, trung cấp chuyên nghiệp, trung cấp nghề, cao đẳng nghề và các cơ sở giáo dục đại học đến năm 2020”",607/QĐ-TTg,2014-04-24,Quyết định,24/04/2014,,,...,Giáo dục và đào tạo,Giáo dục đại học,Thủ tướng Chính phủ,Phó Thủ tướng,Vũ Đức Đam,Toàn quốc,Còn hiệu lực,2014
71380,Ban hành Đề cương chi tiết 11 môn học dự bị đại học,48/2012/TT-BGDĐT,2012-12-11,Thông tư,25/01/2013,,,...,Giáo dục và đào tạo,Giáo dục đại học,Bộ Giáo dục và Đào tạo,Thứ trưởng,Bùi Văn Ga,Toàn quốc,Còn hiệu lực,2012
82965,"Hướng dẫn mức thi bồi dưỡng cho công tác ra đề thi và tổ chức các kỳ thi học sinh giỏi, thi quốc tế và thi tốt nghiệp",47/2001/TTLT-BTC-BGDĐT,2001-06-20,Thông tư liên tịch,01/05/2001,,"Công báo số 30, năm 2001",15/08/2001,Giáo dục và đào tạo,"Quy chế thi, tuyển sinh",Bộ Tài chính,Thứ trưởng,Nguyễn Thị Kim Ngân,Toàn quốc,Còn hiệu lực,2001
87238,Về đổi tên Trường Đại học Nông nghiệp I thành Trường Đại học Nông nghiệp Hà Nội,283/QĐ-TTg,2008-03-14,Quyết định,14/03/2008,,,...,Giáo dục và đào tạo,Giáo dục đại học,Thủ tướng Chính phủ,Thủ tướng,Nguyễn Tấn Dũng,Toàn quốc,Còn hiệu lực,2008
92460,Quy định về chương trình môn học Giáo dục thể chất thuộc các chương trình đào tạo trình độ đại học,25/2015/TT-BGDĐT,2015-10-14,Thông tư,29/11/2015,,,...,Giáo dục và đào tạo,Giáo dục đại học,Bộ Giáo dục và Đào tạo,Thứ trưởng,Bùi Văn Ga,Toàn quốc,Còn hiệu lực,2015
87404,"Phê duyệt đề án ""Đào tạo theo chương trình tiên tiến tại một số Trường Đại học Việt Nam giai đoạn 2008 - 2015""",1505/QĐ-TTg,2008-10-15,Quyết định,15/10/2008,,,...,Giáo dục và đào tạo,Giáo dục đại học,Thủ tướng Chính phủ,Phó  Thủ tướng,Nguyễn Thiện Nhân,Toàn quốc,Còn hiệu lực,2008
123136,"Quy định về liên thông giữa trình độ trung cấp,  trình độ cao đẳng với trình độ đại học",18/2017/QĐ-TTg,2017-05-31,Quyết định,15/07/2017,,,...,Giáo dục và đào tạo,Giáo dục đại học,Thủ tướng Chính phủ,Thủ tướng Chính phủ,Nguyễn Xuân Phúc,Toàn quốc,Còn hiệu lực,2017
123137,Ban hành Quy định về kiểm định chất lượng cơ sở giáo dục đại học,12/2017/TT-BGDĐT,2017-05-19,Thông tư,04/07/2017,,bản lưu,...,Giáo dục và đào tạo,Giáo dục đại học Khảo thí và Kiểm định chất lượng,Bộ Giáo dục và Đào tạo,Thứ trưởng,Bùi Văn Ga,Toàn quốc,Còn hiệu lực,2017
128607,"Ban hành ""Chương trình Đại học sư phạm Âm nhạc"" áp dụng tạm thời cho việc đào tạo cử nhân sư phạm Âm nhạc tại Nhạc viện Hà Nội và Nhạc viện Thành phố Hồ Chí Minh",02/2000/QĐ-BGD&ĐT,2000-03-04,Quyết định,19/03/2000,,,...,Giáo dục và đào tạo,Giáo dục đại học,Bộ Giáo Dục và Ðào Tạo,Bộ trưởng,Nguyễn Minh Hiển,Toàn quốc,Còn hiệu lực,2000
128807,Ban hành Bộ Chương trình khung giáo dục đại học ngành Giáo dục Tiểu học trình độ cao đẳng,17/2004/QĐ-BGD&ĐT,2004-06-16,Quyết định,01/07/2004,,bản lưu,...,Giáo dục và đào tạo,Giáo dục đại học,Bộ Giáo Dục và Ðào Tạo,Thứ trưởng,Trần Văn Nhung,Toàn quốc,Còn hiệu lực,2004
128393,hướng dẫn thi hành một số điều của Quy chế trường đại học dân lập liên quan đến tổ chức và nhân sự,02/2002/TT-BGD&ĐT,2002-01-22,Thông tư,06/02/2002,,bản lưu,...,Giáo dục và đào tạo,Giáo dục đại học,Bộ Giáo dục và Đào tạo,Thứ trưởng,Trần Văn Nhung,Toàn quốc,Còn hiệu lực,2002
128380,Ban hành Quy chế Trường đại học dân lập,86/2000/QĐ-TTg,2000-07-18,Quyết định,02/08/2000,,bản lưu,...,Giáo dục và đào tạo,Giáo dục đại học,Thủ tướng Chính phủ,Phó Thủ tướng Chính phủ,Phạm Gia Khiêm,Toàn quốc,Còn hiệu lực,2000
128475,"hướng dẫn một số chính sách để thực hiện Quyết định số 494/QĐ-TTg ngày 24/6/2002 của Thủ tướng Chính phủ phê duyệt đề án ""Một số biện pháp nâng cao chất lượng và hiệu quả giảng dạy, học tập các bộ môn khoa học Mác - Lênin, tư tưởng Hồ Chí Minh trong các trường đại học, cao đẳng, môn Chính trị trong các trường trung học chuyên nghiệp và dạy nghề""",42/2003/TTLT-BGDĐT-BTC,2003-08-29,Thông tư liên tịch,13/09/2003,,bản lưu,...,Giáo dục và đào tạo,Giáo dục đại học,Bộ Giáo dục và Đào tạo,Thứ trưởng,Đặng Huỳnh Mai,Toàn quốc,Còn hiệu lực,2003
128469,hướng dẫn việc chuyển đổi các văn bằng và trình độ đào tạo sau đại học trong lĩnh vực y tế,30/2003/TTLT-BGDĐT-BYT,2003-07-01,Thông tư liên tịch,16/07/2003,,bản lưu,...,Giáo dục và đào tạo,Giáo dục đại học,Bộ Giáo dục và Đào tạo,Bộ trưởng,Nguyễn Minh Hiển,Toàn quốc,Còn hiệu lực,2003
128472,"Ban hành Đề cương chi tiết học phần Lịch sử Đảng Cộng sản Việt Nam trình độ đại học dùng trong các đại học, học viện và các trường đại học",41/2003/QĐ-BGDĐT,2003-08-27,Quyết định,11/09/2003,,bản lưu,...,Giáo dục và đào tạo,Giáo dục đại học,Bộ Giáo dục và Đào tạo,Thứ trưởng,Trần Văn Nhung,Toàn quốc,Còn hiệu lực,2003
128414,Ban hành mẫu bằng tiến sĩ danh dự,20/2011/TT-BGDĐT,2011-05-24,Thông tư,10/07/2011,,bản lưu,...,Giáo dục và đào tạo,Giáo dục đại học,Bộ Giáo dục và Đào tạo,Bộ trưởng,Phạm Vũ Luận,Toàn quốc,Còn hiệu lực,2011
128470,"Ban hành đề cương môn học Tư tưởng Hồ Chí Minh trình độ đại học, cao đẳng",35/2003/QĐ-BGDĐT,2003-07-31,Quyết định,15/08/2003,,bản lưu,...,Giáo dục và đào tạo,Giáo dục đại học,Bộ Giáo dục và Đào tạo,Thứ trưởng,Trần Văn Nhung,Toàn quốc,Còn hiệu lực,2003
128468,Ban hành đề cương môn học Chủ nghĩa xã hội khoa học trình độ đại học,34/2003/QĐ-BGDĐT,2003-07-31,Quyết định,15/08/2003,,bản lưu,...,Giáo dục và đào tạo,Giáo dục đại học,Bộ Giáo dục và Đào tạo,Thứ trưởng,Trần Văn Nhung,Toàn quốc,Còn hiệu lực,2003
128471,"Ban hành Quy chế thực hành, thực tập sư phạm áp dụng cho các trường đại học, cao đẳng đào tạo giáo viên phổ thông, mầm non trình độ cao đẳng hệ chính quy",36/2003/QĐ-BGDĐT,2003-08-01,Quyết định,16/08/2003,,bản lưu,...,Giáo dục và đào tạo,Giáo dục đại học,Bộ Giáo dục và Đào tạo,Thứ trưởng,Đặng Huỳnh Mai,Toàn quốc,Còn hiệu lực,2003
131045,"hướng dẫn công tác thi đua, khen thưởng ngành Giáo dục",22/2018/TT-BGDĐT,2018-08-28,Thông tư,14/10/2018,,,...,Giáo dục và đào tạo,"Quy chế thi, tuyển sinh",Bộ Giáo dục và Đào tạo,Thứ trưởng,Nguyễn Thị Nghĩa,Toàn quốc,Còn hiệu lực,2018
136024,"Thông tư ban hành Danh mục giáo dục, đào tạo cấp IV trình độ cao đẳng, đại học",15/VBHN-BGDĐT,2014-05-08,Văn bản hợp nhất,20/09/2013,,,24/05/2014,Giáo dục và đào tạo,Giáo dục đại học,Bộ Giáo dục và Đào tạo,Thứ trưởng,Bùi Văn Ga,Toàn quốc,Còn hiệu lực,2014
137459,"Luật sửa đổi, bổ sung một số điều của Luật Giáo dục đại học",34/2018/QH14,2018-11-19,Luật,01/07/2019,,,22/12/2018,Giáo dục và đào tạo,Giáo dục đại học,Quốc hội,Chủ tịch Quốc hội,Nguyễn Thị Kim Ngân,Toàn quốc,Còn hiệu lực,2018
138275,"Sửa đổi, bổ sung một số Điều của Quy chế tuyển sinh đại học hệ chính quy; tuyển sinh cao đẳng nhóm ngành đào tạo giáo viên hệ chính quy ban hành kèm theo Thông tư số 05/2017/TT-BGDĐT ngày 25 tháng 01 năm 2017; đã được sửa đổi bổ sung tại Thông tư số 07/2018/TT-BGDĐT ngày 01 tháng 3 năm 2018 của Bộ trưởng Bộ Giáo dục và Đào tạo",02/2019/tt-bgdđt,2019-02-28,Thông tư,15/04/2019,,Công báo Chính phủ,27/03/2019,Giáo dục và đào tạo,Giáo dục đại học,Bộ Giáo dục và Đào tạo,Thứ trưởng,Lê Hải An,Toàn quốc,Còn hiệu lực,2019
144400,"Ban hành Quy chế quản lý bằng tốt nghiệp trung học cơ sở, bằng tốt nghiệp trung học phổ thông, bằng tốt nghiệp trung cấp sư phạm, bằng tốt nghiệp cao đẳng sư phạm, văn bằng giáo dục đại học và chứng chỉ của hệ thống giáo dục quốc dân.",21/2019/TT-BGDĐT,2019-11-29,Thông tư,15/01/2020,,,15/12/2019,Giáo dục và đào tạo,Giáo dục đại học,Bộ Giáo dục và Đào tạo,Thứ trưởng,Nguyễn Văn Phúc,Toàn quốc,Còn hiệu lực,2019
146835,"Quy định về khối lượng kiến thức tối thiểu, yêu cầu về năng lực mà người học đạt được sau khi tốt nghiệp trình độ trung cấp, trình độ cao đẳng nhóm ngành đào tạo giáo viên; quy trình xây dựng, thẩm định và ban hành chương trình đào tạo trình độ trung cấp và trình độ cao đẳng nhóm ngành đào tạo giáo viên",29/2018/TT-BGDĐT,2018-12-24,Thông tư,09/02/2019,,,08/01/2019,Giáo dục và đào tạo,"Quy chế thi, tuyển sinh",Bộ Giáo dục và Đào tạo,Thứ trưởng,Lê Hải An,Toàn quốc,Còn hiệu lực,2018
147704,Ban hành Quy chế đào tạo trình độ đại học,08/2021/TT-BGDĐT,2021-03-18,Thông tư,03/05/2021,,,04/05/2021,Giáo dục và đào tạo,Giáo dục đại học,Bộ Giáo dục và Đào tạo,Thứ trưởng,Hoàng Minh Sơn,Toàn quốc,Còn hiệu lực,2021
148535,"Quy định về chuẩn chương trình đào tạo; xây dựng, thẩm định và ban hành chương trình đào tạo các trình độ của giáo dục đại học",17/2021/TT-BGDĐT,2021-06-22,Thông tư,07/08/2021,,,07/07/2021,Giáo dục và đào tạo,Giáo dục đại học,Bộ Giáo dục và Đào tạo,Thứ trưởng,Hoàng Minh Sơn,Toàn quốc,Còn hiệu lực,2021
148538,Ban hành Quy chế tuyển sinh và đào tạo trình độ tiến sĩ,18/2021/TT-BGDĐT,2021-06-28,Thông tư,15/08/2021,,,16/07/2021,Giáo dục và đào tạo,"Quy chế thi, tuyển sinh",Bộ Giáo dục và Đào tạo,Thứ trưởng,Hoàng Minh Sơn,Toàn quốc,Còn hiệu lực,2021
142785,"Ban hành Chương trình giáo dục quốc phòng và an ninh trong trường trung cấp sư phạm, cao đẳng sư phạm và cơ sở giáo dục đại học",05/2020/TT-BGDĐT,2020-03-18,Thông tư,01/07/2020,,Công báo CP,03/04/2020,Giáo dục và đào tạo,Giáo dục đại học,Bộ Giáo dục và Đào tạo,Thứ trưởng,Nguyễn Văn Phúc,Toàn quốc,Còn hiệu lực,2020
144894,"Về việc ban hành tiêu chuẩn bộ mẫu thiết bị dạy học tối thiểu môn học giáo dục quốc phòng cho các trường Trung học phổ thông, Trung học chuyên nghiệp, Đại học và Cao đẳng",10/2005/QĐ-BGDĐT,2005-04-01,Quyết định,23/04/2005,...,,08/04/2005,Giáo dục và đào tạo,Giáo dục đại học,Bộ Giáo dục và Đào tạo,Thứ trưởng,Bành Tiến Long,Toàn quốc,Còn hiệu lực,2005
